garantiUcitIdno;katedra;zkratka;prednasejiciUcitIdno;jednotekPrednasek
9501;KFU;W0002;929;2
2937;KSP;6ANSP;24;2
2937;KSP;6ANSP;24;2
6120;KFU;5FVVS;929;2
923;KEMA;MAPMA;6009;2
923;KEMA;MAPMA;6009;2
1632;KSP;6SPPG;3647;2
476;KRRVS;5UZSS;2142;2
1644;KRRVS;MINMA;7644,6897;2
1644;KRRVS;MINMA;7644,6897;2
6773;KFU;MVFRR;6120;2
9493;KPP;PZPRA;4151;1
9493;KPP;PZPRA;4151;1
1644;KRRVS;5UVDR;6897;2
1644;KRRVS;5UVDR;6897;2
3097;KSP;6UDSP;5310;2
5310;KSP;6SCP2;1632;2
1644;KRRVS;MGLRE;5457;2
